FILE_NAME,CATEGORY,SUPER_CATEGORY
image_00390_resized.jpg,Water Lily,
image_07968_resized.jpg,Trumpet Creeper,
image_02407_resized.jpg,Sword Lily,
image_07974_resized.jpg,Trumpet Creeper,
image_04576_resized.jpg,Lenten Rose,
image_03866_resized.jpg,Purple Coneflower,
image_05262_resized.jpg,Stemless Gentian,
image_02168_resized.jpg,Thorn Apple,
image_07904_resized.jpg,Blanket Flower,
image_06622_resized.jpg,Canterbury Bells,
image_03119_resized.jpg,Snapdragon,
image_02450_resized.jpg,Morning Glory,
image_02145_resized.jpg,Thorn Apple,
image_01739_resized.jpg,Hibiscus,
image_00550_resized.jpg,Cyclamen,
image_07135_resized.jpg,Bolero Deep Blue,
image_06338_resized.jpg,Common Dandelion,
image_00513_resized.jpg,Cyclamen,
image_07381_resized.jpg,Foxglove,
image_00968_resized.jpg,Wallflower,
image_04750_resized.jpg,Pelargonium,
image_03596_resized.jpg,Azalea,
image_03657_resized.jpg,Primula,
image_03694_resized.jpg,Primula,
image_07058_resized.jpg,Spring Crocus,
image_02366_resized.jpg,Sword Lily,
image_07898_resized.jpg,Blanket Flower,
image_03115_resized.jpg,Snapdragon,
image_01736_resized.jpg,Hibiscus,
image_05985_resized.jpg,Windflower,
image_04944_resized.jpg,Giant White Arum Lily,
image_01758_resized.jpg,Hibiscus,
image_04714_resized.jpg,Pelargonium,
image_01030_resized.jpg,Wallflower,
image_03227_resized.jpg,Californian Poppy,
image_02458_resized.jpg,Morning Glory,
image_05819_resized.jpg,Great Masterwort,
image_07631_resized.jpg,Camellia,
image_07650_resized.jpg,Camellia,
image_00456_resized.jpg,Cyclamen,
image_01661_resized.jpg,Clematis ,
image_02399_resized.jpg,Sword Lily,
image_05790_resized.jpg,King Protea,
image_01028_resized.jpg,Wallflower,
image_04993_resized.jpg,Marigold,
image_02197_resized.jpg,Barbeton Daisy,
image_07065_resized.jpg,Spring Crocus,
image_06614_resized.jpg,Canterbury Bells,
image_02572_resized.jpg,Columbine,
image_04998_resized.jpg,Marigold,
image_00862_resized.jpg,Frangipani,
image_03890_resized.jpg,Purple Coneflower,
image_01973_resized.jpg,Anthurium,
image_06120_resized.jpg,Silverbush,
image_01457_resized.jpg,Petunia,
image_03761_resized.jpg,Cape Flower,
image_03583_resized.jpg,Azalea,
image_02805_resized.jpg,Bishop of Llandaff,
image_04049_resized.jpg,Colt's Foot,
image_04361_resized.jpg,Ruby-Lipped Cattleya,
image_07087_resized.jpg,Globe Thistle,
image_02799_resized.jpg,Bishop of Llandaff,
image_02565_resized.jpg,Columbine,
image_00605_resized.jpg,Watercress,
image_03371_resized.jpg,Fritillary,
image_04130_resized.jpg,Artichoke,
image_04671_resized.jpg,Buttercup,
image_06209_resized.jpg,Oxeye Daisy,
image_04236_resized.jpg,Wild Pansy,
image_05382_resized.jpg,Pincushion Flower,
image_00079_resized.jpg,Passion Flower,
image_04752_resized.jpg,Pelargonium,
image_03493_resized.jpg,Sweet William,
image_03839_resized.jpg,Purple Coneflower,
image_03057_resized.jpg,Bee Balm,
image_06917_resized.jpg,Carnation,
image_00457_resized.jpg,Cyclamen,
image_02542_resized.jpg,Morning Glory,
image_04890_resized.jpg,Hippeastrum,
image_05413_resized.jpg,Sunflower,
image_07811_resized.jpg,Mexican Petunia,
image_06161_resized.jpg,Balloon Flower,
image_05396_resized.jpg,Pincushion Flower,
image_03863_resized.jpg,Purple Coneflower,
image_06150_resized.jpg,Balloon Flower,
image_03270_resized.jpg,Californian Poppy,
image_03474_resized.jpg,Sweet William,
image_05314_resized.jpg,Tree Poppy,
image_02801_resized.jpg,Bishop of Llandaff,
image_03511_resized.jpg,Sweet William,
image_02671_resized.jpg,Geranium,
image_04417_resized.jpg,Canna Lily,
image_07668_resized.jpg,Camellia,
image_01326_resized.jpg,Petunia,
image_04376_resized.jpg,Ruby-Lipped Cattleya,
image_02331_resized.jpg,Sword Lily,
image_00663_resized.jpg,Watercress,
image_04509_resized.jpg,Gazania,
image_01625_resized.jpg,Clematis ,
image_04684_resized.jpg,Buttercup,
image_03745_resized.jpg,Cape Flower,
image_06147_resized.jpg,Silverbush,
image_02061_resized.jpg,Anthurium,
image_01334_resized.jpg,Petunia,
image_06720_resized.jpg,Toad Lily,
image_02924_resized.jpg,Pink-Yellow Dahlia,
image_00255_resized.jpg,Water Lily,
image_01395_resized.jpg,Petunia,
image_05051_resized.jpg,Orange Dahlia,
image_04950_resized.jpg,Giant White Arum Lily,
image_08029_resized.jpg,Blackberry Lily,
image_01397_resized.jpg,Petunia,
image_02282_resized.jpg,Barbeton Daisy,
image_06534_resized.jpg,Common Dandelion,
image_00709_resized.jpg,Watercress,
image_02703_resized.jpg,Geranium,
image_06512_resized.jpg,Corn Poppy,
image_07049_resized.jpg,Spring Crocus,
image_05967_resized.jpg,Windflower,
image_06561_resized.jpg,Common Dandelion,
image_03146_resized.jpg,Snapdragon,
image_03246_resized.jpg,Californian Poppy,
image_04995_resized.jpg,Marigold,
image_04331_resized.jpg,Ruby-Lipped Cattleya,
image_04794_resized.jpg,Desert-Rose,
image_05676_resized.jpg,Sweet Pea,
image_04836_resized.jpg,Hippeastrum,
image_07500_resized.jpg,Bougainvillea,
image_06673_resized.jpg,Globe-Flower,
image_05533_resized.jpg,Osteospermum,
image_04744_resized.jpg,Pelargonium,
image_01818_resized.jpg,Hibiscus,
image_00171_resized.jpg,Passion Flower,
image_08027_resized.jpg,Blackberry Lily,
image_03009_resized.jpg,Pink-Yellow Dahlia,
image_05445_resized.jpg,Sunflower,
image_01760_resized.jpg,Hibiscus,
image_03639_resized.jpg,Azalea,
image_03398_resized.jpg,Fritillary,
image_03765_resized.jpg,Cape Flower,
image_07812_resized.jpg,Mexican Petunia,
image_03207_resized.jpg,Californian Poppy,
image_02558_resized.jpg,Columbine,
image_02101_resized.jpg,Thorn Apple,
image_04556_resized.jpg,Gazania,
image_04932_resized.jpg,Giant White Arum Lily,
image_07569_resized.jpg,Bougainvillea,
image_00135_resized.jpg,Passion Flower,
image_06419_resized.jpg,Monkshood,
image_04727_resized.jpg,Pelargonium,
image_01679_resized.jpg,Clematis ,
image_05000_resized.jpg,Marigold,
image_00531_resized.jpg,Cyclamen,
image_01945_resized.jpg,Lotus,
image_01471_resized.jpg,Petunia,
image_01281_resized.jpg,Rose,
image_00036_resized.jpg,Passion Flower,
image_06000_resized.jpg,Windflower,
image_06868_resized.jpg,Prince of Wales Feathers,
image_01584_resized.jpg,Clematis ,
image_05175_resized.jpg,English Marigold,
image_06577_resized.jpg,Grape Hyacinth,
image_00420_resized.jpg,Water Lily,
image_07124_resized.jpg,Bolero Deep Blue,
image_01356_resized.jpg,Petunia,
image_00992_resized.jpg,Wallflower,
image_06611_resized.jpg,Grape Hyacinth,
image_01616_resized.jpg,Clematis ,
image_01784_resized.jpg,Hibiscus,
image_00660_resized.jpg,Watercress,
image_02485_resized.jpg,Morning Glory,
image_07404_resized.jpg,Foxglove,
image_00071_resized.jpg,Passion Flower,
image_00754_resized.jpg,Watercress,
image_06684_resized.jpg,Globe-Flower,
image_02593_resized.jpg,Columbine,
image_00474_resized.jpg,Cyclamen,
image_02503_resized.jpg,Morning Glory,
image_06549_resized.jpg,Common Dandelion,
image_07057_resized.jpg,Spring Crocus,
image_02170_resized.jpg,Thorn Apple,
image_01270_resized.jpg,Rose,
image_01741_resized.jpg,Hibiscus,
image_02548_resized.jpg,Morning Glory,
image_03121_resized.jpg,Snapdragon,
image_05616_resized.jpg,Garden Phlox,
image_05195_resized.jpg,English Marigold,
image_02943_resized.jpg,Pink-Yellow Dahlia,
image_05071_resized.jpg,Orange Dahlia,
image_06257_resized.jpg,Cautleya Spicata,
image_07473_resized.jpg,Bougainvillea,
image_06378_resized.jpg,Yellow Iris,
image_06143_resized.jpg,Silverbush,
image_06215_resized.jpg,Oxeye Daisy,
image_04956_resized.jpg,Marigold,
image_06897_resized.jpg,Carnation,
image_05237_resized.jpg,Stemless Gentian,
image_05493_resized.jpg,Magnolia,
image_07213_resized.jpg,Moon Orchid,
image_06158_resized.jpg,Balloon Flower,
image_03076_resized.jpg,Bee Balm,
image_05690_resized.jpg,Daffodil,
image_05312_resized.jpg,Tree Poppy,
image_05335_resized.jpg,Tree Poppy,
image_01571_resized.jpg,Poinsettia,
image_06729_resized.jpg,Toad Lily,
image_04552_resized.jpg,Gazania,
image_04745_resized.jpg,Pelargonium,
image_00909_resized.jpg,Frangipani,
image_01764_resized.jpg,Hibiscus,
image_08112_resized.jpg,Ball Moss,
image_06337_resized.jpg,Common Dandelion,
image_00798_resized.jpg,Frangipani,
image_06216_resized.jpg,Oxeye Daisy,
image_02889_resized.jpg,Tree Mallow,
image_00117_resized.jpg,Passion Flower,
image_03351_resized.jpg,Bird of Paradise,
image_07044_resized.jpg,Siam Tulip,
image_04227_resized.jpg,Wild Pansy,
image_03281_resized.jpg,Californian Poppy,
image_05955_resized.jpg,Bearded Iris,
image_01985_resized.jpg,Anthurium,
image_04613_resized.jpg,Lenten Rose,
image_00408_resized.jpg,Water Lily,
image_03590_resized.jpg,Azalea,
image_05987_resized.jpg,Windflower,
image_04703_resized.jpg,Pelargonium,
image_00201_resized.jpg,Passion Flower,
image_04064_resized.jpg,Colt's Foot,
image_07859_resized.jpg,Bromelia,
image_01920_resized.jpg,Lotus,
image_03876_resized.jpg,Purple Coneflower,
image_02563_resized.jpg,Columbine,
image_06892_resized.jpg,Carnation,
image_00193_resized.jpg,Passion Flower,
image_00700_resized.jpg,Watercress,
image_04360_resized.jpg,Ruby-Lipped Cattleya,
image_03189_resized.jpg,Californian Poppy,
image_00527_resized.jpg,Cyclamen,
image_03492_resized.jpg,Sweet William,
image_03564_resized.jpg,Azalea,
image_01594_resized.jpg,Clematis ,
image_00222_resized.jpg,Passion Flower,
image_05899_resized.jpg,Black-Eeyed Susan,
image_01313_resized.jpg,Rose,
image_01308_resized.jpg,Rose,
image_08179_resized.jpg,Japanese Anemone,
image_01979_resized.jpg,Anthurium,
image_07252_resized.jpg,Gaura,
image_00042_resized.jpg,Passion Flower,
image_00847_resized.jpg,Frangipani,
image_06765_resized.jpg,Pink Primrose,
image_01160_resized.jpg,Rose,
image_07173_resized.jpg,Tiger Lily,
image_06860_resized.jpg,Prince of Wales Feathers,
image_00839_resized.jpg,Frangipani,
image_03378_resized.jpg,Fritillary,
image_01118_resized.jpg,Wallflower,
image_02439_resized.jpg,Sword Lily,
image_02674_resized.jpg,Geranium,
image_04821_resized.jpg,Desert-Rose,
image_04292_resized.jpg,Peruvian Lily,
image_04940_resized.jpg,Giant White Arum Lily,
image_06795_resized.jpg,Fire Lily,
image_06749_resized.jpg,Pink Primrose,
image_07342_resized.jpg,Foxglove,
image_01702_resized.jpg,Hibiscus,
image_05409_resized.jpg,Sunflower,
image_01345_resized.jpg,Petunia,
image_07852_resized.jpg,Bromelia,
image_05305_resized.jpg,Tree Poppy,
image_03911_resized.jpg,Purple Coneflower,
image_04721_resized.jpg,Pelargonium,
image_07063_resized.jpg,Spring Crocus,
image_02827_resized.jpg,Bishop of Llandaff,
image_06004_resized.jpg,Windflower,
image_04546_resized.jpg,Gazania,
image_04421_resized.jpg,Canna Lily,
image_04550_resized.jpg,Gazania,
image_03309_resized.jpg,Bird of Paradise,
image_06035_resized.jpg,Ball Moss,
image_04822_resized.jpg,Desert-Rose,
image_00064_resized.jpg,Passion Flower,
image_05128_resized.jpg,Hard-Leaved Pocket Orchid,
image_04265_resized.jpg,Peruvian Lily,
image_07733_resized.jpg,Mallow,
image_00682_resized.jpg,Watercress,
image_03571_resized.jpg,Azalea,
image_04879_resized.jpg,Hippeastrum,
image_00074_resized.jpg,Passion Flower,
image_05890_resized.jpg,Black-Eeyed Susan,
image_04964_resized.jpg,Marigold,
image_06130_resized.jpg,Silverbush,
image_02742_resized.jpg,Geranium,
image_06167_resized.jpg,Balloon Flower,
image_05491_resized.jpg,Magnolia,
image_05189_resized.jpg,English Marigold,
image_05117_resized.jpg,Hard-Leaved Pocket Orchid,
image_00601_resized.jpg,Watercress,
image_03776_resized.jpg,Cape Flower,
image_03417_resized.jpg,Fritillary,
image_00427_resized.jpg,Water Lily,
image_06236_resized.jpg,Oxeye Daisy,
image_05713_resized.jpg,Daffodil,
image_00561_resized.jpg,Cyclamen,
image_01967_resized.jpg,Anthurium,
image_07788_resized.jpg,Mexican Petunia,
image_00676_resized.jpg,Watercress,
image_07985_resized.jpg,Trumpet Creeper,
image_00891_resized.jpg,Frangipani,
image_02064_resized.jpg,Anthurium,
image_01531_resized.jpg,Poinsettia,
image_07214_resized.jpg,Moon Orchid,
image_01184_resized.jpg,Rose,
image_05232_resized.jpg,Stemless Gentian,
image_02583_resized.jpg,Columbine,
image_05004_resized.jpg,Marigold,
image_03600_resized.jpg,Azalea,
image_06916_resized.jpg,Carnation,
image_04030_resized.jpg,Colt's Foot,
image_05952_resized.jpg,Bearded Iris,
image_07247_resized.jpg,Gaura,
image_08142_resized.jpg,Gaura,
image_02317_resized.jpg,Sword Lily,
image_01103_resized.jpg,Wallflower,
image_04599_resized.jpg,Lenten Rose,
image_01414_resized.jpg,Petunia,
image_05439_resized.jpg,Sunflower,
image_04249_resized.jpg,Peruvian Lily,
image_05129_resized.jpg,Hard-Leaved Pocket Orchid,
image_00361_resized.jpg,Water Lily,
image_02223_resized.jpg,Barbeton Daisy,
image_06500_resized.jpg,Corn Poppy,
image_06149_resized.jpg,Balloon Flower,
image_07231_resized.jpg,Moon Orchid,
image_02408_resized.jpg,Sword Lily,
image_07250_resized.jpg,Gaura,
image_02121_resized.jpg,Thorn Apple,
image_05537_resized.jpg,Osteospermum,
image_01860_resized.jpg,Lotus,
image_02550_resized.jpg,Morning Glory,
image_04058_resized.jpg,Colt's Foot,
image_03731_resized.jpg,Primula,
image_04463_resized.jpg,Canna Lily,
image_00544_resized.jpg,Cyclamen,
image_06444_resized.jpg,Love in the Mist,
image_04871_resized.jpg,Hippeastrum,
image_01769_resized.jpg,Hibiscus,
image_07711_resized.jpg,Mallow,
image_00164_resized.jpg,Passion Flower,
image_00485_resized.jpg,Cyclamen,
image_06823_resized.jpg,Red Ginger,
image_02997_resized.jpg,Pink-Yellow Dahlia,
image_04080_resized.jpg,Colt's Foot,
image_01383_resized.jpg,Petunia,
image_06296_resized.jpg,Cautleya Spicata,
image_00288_resized.jpg,Water Lily,
image_04224_resized.jpg,Wild Pansy,
image_05398_resized.jpg,Pincushion Flower,
image_01859_resized.jpg,Lotus,
image_05846_resized.jpg,Great Masterwort,
image_07732_resized.jpg,Mallow,
image_04610_resized.jpg,Lenten Rose,
image_07723_resized.jpg,Mallow,
image_06649_resized.jpg,Canterbury Bells,
image_02452_resized.jpg,Morning Glory,
image_00020_resized.jpg,Passion Flower,
image_01224_resized.jpg,Rose,
image_02613_resized.jpg,Columbine,
image_06784_resized.jpg,Fire Lily,
image_01378_resized.jpg,Petunia,
image_05404_resized.jpg,Sunflower,
image_00520_resized.jpg,Cyclamen,
image_05410_resized.jpg,Sunflower,
image_05889_resized.jpg,Black-Eeyed Susan,
image_01578_resized.jpg,Poinsettia,
image_08124_resized.jpg,Gaura,
image_03662_resized.jpg,Primula,
image_01090_resized.jpg,Wallflower,
image_01295_resized.jpg,Rose,
image_03291_resized.jpg,Bird of Paradise,
image_05167_resized.jpg,English Marigold,
image_00320_resized.jpg,Water Lily,
image_02580_resized.jpg,Columbine,
image_06930_resized.jpg,Mexican Aster,
image_01886_resized.jpg,Lotus,
image_07413_resized.jpg,Foxglove,
image_05691_resized.jpg,Daffodil,
image_03477_resized.jpg,Sweet William,
image_00562_resized.jpg,Cyclamen,
image_05220_resized.jpg,Stemless Gentian,
image_00377_resized.jpg,Water Lily,
image_00216_resized.jpg,Passion Flower,
image_02584_resized.jpg,Columbine,
image_08051_resized.jpg,Red Ginger,
image_05046_resized.jpg,Orange Dahlia,
image_04531_resized.jpg,Gazania,
image_04928_resized.jpg,Giant White Arum Lily,
image_01981_resized.jpg,Anthurium,
image_04295_resized.jpg,Peruvian Lily,
image_00646_resized.jpg,Watercress,
image_08137_resized.jpg,Gaura,
image_01619_resized.jpg,Clematis ,
image_02729_resized.jpg,Geranium,
image_01680_resized.jpg,Clematis ,
image_00046_resized.jpg,Passion Flower,
image_01258_resized.jpg,Rose,
image_07314_resized.jpg,Foxglove,
image_00287_resized.jpg,Water Lily,
image_07705_resized.jpg,Mallow,
image_02051_resized.jpg,Anthurium,
image_04532_resized.jpg,Gazania,
image_07484_resized.jpg,Bougainvillea,
image_03565_resized.jpg,Azalea,
image_02011_resized.jpg,Anthurium,
image_06503_resized.jpg,Corn Poppy,
image_06863_resized.jpg,Prince of Wales Feathers,
image_01653_resized.jpg,Clematis ,
image_02386_resized.jpg,Sword Lily,
image_03478_resized.jpg,Sweet William,
image_02461_resized.jpg,Morning Glory,
image_00873_resized.jpg,Frangipani,
image_00925_resized.jpg,Frangipani,
image_07841_resized.jpg,Bromelia,
image_06019_resized.jpg,Ball Moss,
image_03113_resized.jpg,Snapdragon,
image_07595_resized.jpg,Camellia,
image_04029_resized.jpg,Colt's Foot,
image_00843_resized.jpg,Frangipani,
image_01382_resized.jpg,Petunia,
image_03536_resized.jpg,Sweet William,
image_08166_resized.jpg,Japanese Anemone,
image_02731_resized.jpg,Geranium,
image_00951_resized.jpg,Wallflower,
image_00066_resized.jpg,Passion Flower,
image_03135_resized.jpg,Snapdragon,
image_03011_resized.jpg,Pink-Yellow Dahlia,
image_02712_resized.jpg,Geranium,
image_04812_resized.jpg,Desert-Rose,
image_06478_resized.jpg,Love in the Mist,
image_04416_resized.jpg,Canna Lily,
image_01358_resized.jpg,Petunia,
image_00767_resized.jpg,Watercress,
image_06671_resized.jpg,Globe-Flower,
image_05502_resized.jpg,Magnolia,
image_06457_resized.jpg,Love in the Mist,
image_04100_resized.jpg,Artichoke,
image_06433_resized.jpg,Monkshood,
image_05526_resized.jpg,Osteospermum,
image_03462_resized.jpg,Sweet William,
image_06750_resized.jpg,Pink Primrose,
image_00634_resized.jpg,Watercress,
image_01824_resized.jpg,Hibiscus,
image_04323_resized.jpg,Peruvian Lily,
image_02789_resized.jpg,Bishop of Llandaff,
image_05488_resized.jpg,Magnolia,
image_07937_resized.jpg,Blanket Flower,
image_05230_resized.jpg,Stemless Gentian,
image_06630_resized.jpg,Canterbury Bells,
image_00415_resized.jpg,Water Lily,
image_04759_resized.jpg,Pelargonium,
image_05327_resized.jpg,Tree Poppy,
image_01556_resized.jpg,Poinsettia,
image_04636_resized.jpg,Buttercup,
image_03108_resized.jpg,Snapdragon,
image_02752_resized.jpg,Geranium,
image_04206_resized.jpg,Wild Pansy,
image_05604_resized.jpg,Garden Phlox,
image_01519_resized.jpg,Poinsettia,
image_01386_resized.jpg,Petunia,
image_03843_resized.jpg,Purple Coneflower,
image_01165_resized.jpg,Rose,
image_07240_resized.jpg,Gaura,
image_07497_resized.jpg,Bougainvillea,
image_01734_resized.jpg,Hibiscus,
image_03916_resized.jpg,Petunia,
image_00519_resized.jpg,Cyclamen,
image_01550_resized.jpg,Poinsettia,
image_02053_resized.jpg,Anthurium,
image_06633_resized.jpg,Canterbury Bells,
image_05035_resized.jpg,Orange Dahlia,
image_05598_resized.jpg,Garden Phlox,
image_05643_resized.jpg,Sweet Pea,
image_00800_resized.jpg,Frangipani,
image_01299_resized.jpg,Rose,
image_00111_resized.jpg,Passion Flower,
image_03623_resized.jpg,Azalea,
image_07039_resized.jpg,Siam Tulip,
image_00011_resized.jpg,Passion Flower,
image_06052_resized.jpg,Spear Thistle,
image_04469_resized.jpg,Canna Lily,
image_02689_resized.jpg,Geranium,
image_02491_resized.jpg,Morning Glory,
image_03137_resized.jpg,Snapdragon,
image_03424_resized.jpg,Fritillary,
image_03989_resized.jpg,Petunia,
image_00518_resized.jpg,Cyclamen,
image_04074_resized.jpg,Colt's Foot,
image_00772_resized.jpg,Watercress,
image_06713_resized.jpg,Toad Lily,
image_02641_resized.jpg,Geranium,
image_02852_resized.jpg,Bishop of Llandaff,
image_00182_resized.jpg,Passion Flower,
image_05484_resized.jpg,Magnolia,
image_07223_resized.jpg,Moon Orchid,
image_00517_resized.jpg,Cyclamen,
image_01527_resized.jpg,Poinsettia,
image_02434_resized.jpg,Sword Lily,
image_05871_resized.jpg,Black-Eeyed Susan,
image_06523_resized.jpg,Corn Poppy,
image_06783_resized.jpg,Fire Lily,
image_05583_resized.jpg,Osteospermum,
image_01772_resized.jpg,Hibiscus,
image_04651_resized.jpg,Buttercup,
image_01558_resized.jpg,Poinsettia,
image_07847_resized.jpg,Bromelia,
image_03908_resized.jpg,Purple Coneflower,
image_04222_resized.jpg,Wild Pansy,
image_05453_resized.jpg,Sunflower,
image_01134_resized.jpg,Wallflower,
image_05513_resized.jpg,Magnolia,
image_01123_resized.jpg,Wallflower,
image_01354_resized.jpg,Petunia,
image_02611_resized.jpg,Columbine,
image_08085_resized.jpg,Alpine Sea Holly,
image_03460_resized.jpg,Sweet William,
image_02310_resized.jpg,Barbeton Daisy,
image_05994_resized.jpg,Windflower,
image_01199_resized.jpg,Rose,
image_04960_resized.jpg,Marigold,
image_04412_resized.jpg,Canna Lily,
image_04367_resized.jpg,Ruby-Lipped Cattleya,
image_05707_resized.jpg,Daffodil,
image_00740_resized.jpg,Watercress,
image_01154_resized.jpg,Rose,
image_08125_resized.jpg,Gaura,
image_02876_resized.jpg,Tree Mallow,
image_02683_resized.jpg,Geranium,
image_02523_resized.jpg,Morning Glory,
image_01647_resized.jpg,Clematis ,
image_01597_resized.jpg,Clematis ,
image_02113_resized.jpg,Thorn Apple,
image_02313_resized.jpg,Barbeton Daisy,
image_04791_resized.jpg,Desert-Rose,
image_03457_resized.jpg,Fritillary,
image_04949_resized.jpg,Giant White Arum Lily,
image_06814_resized.jpg,Red Ginger,
image_07384_resized.jpg,Foxglove,
image_00963_resized.jpg,Wallflower,
image_04073_resized.jpg,Colt's Foot,
image_03522_resized.jpg,Sweet William,
image_04832_resized.jpg,Hippeastrum,
image_02004_resized.jpg,Anthurium,
image_03081_resized.jpg,Bee Balm,
image_04377_resized.jpg,Ruby-Lipped Cattleya,
image_07895_resized.jpg,Blanket Flower,
image_02998_resized.jpg,Pink-Yellow Dahlia,
image_02518_resized.jpg,Morning Glory,
image_01552_resized.jpg,Poinsettia,
image_04201_resized.jpg,Wild Pansy,
image_01728_resized.jpg,Hibiscus,
image_07448_resized.jpg,Foxglove,
image_00976_resized.jpg,Wallflower,
image_01950_resized.jpg,Lotus,
image_00835_resized.jpg,Frangipani,
image_01387_resized.jpg,Petunia,
image_03573_resized.jpg,Azalea,
image_04770_resized.jpg,Desert-Rose,
image_04901_resized.jpg,Giant White Arum Lily,
image_02820_resized.jpg,Bishop of Llandaff,
image_03640_resized.jpg,Azalea,
image_00854_resized.jpg,Frangipani,
image_00997_resized.jpg,Wallflower,
image_01505_resized.jpg,Poinsettia,
image_02106_resized.jpg,Thorn Apple,
image_00950_resized.jpg,Wallflower,
image_07297_resized.jpg,Cape Flower,
image_05367_resized.jpg,Pincushion Flower,
image_02653_resized.jpg,Geranium,
image_00315_resized.jpg,Water Lily,
image_07511_resized.jpg,Bougainvillea,
image_00540_resized.jpg,Cyclamen,
image_00597_resized.jpg,Cyclamen,
image_01636_resized.jpg,Clematis ,
image_05588_resized.jpg,Garden Phlox,
image_03147_resized.jpg,Snapdragon,
image_00515_resized.jpg,Cyclamen,
image_03178_resized.jpg,Snapdragon,
image_01167_resized.jpg,Rose,
image_07601_resized.jpg,Camellia,
image_05087_resized.jpg,Hard-Leaved Pocket Orchid,
image_06412_resized.jpg,Monkshood,
image_06134_resized.jpg,Silverbush,
image_08042_resized.jpg,Blackberry Lily,
image_01566_resized.jpg,Poinsettia,
image_05358_resized.jpg,Pincushion Flower,
image_02404_resized.jpg,Sword Lily,
image_01141_resized.jpg,Wallflower,
image_02781_resized.jpg,Bishop of Llandaff,
image_03050_resized.jpg,Bee Balm,
image_05829_resized.jpg,Great Masterwort,
image_04013_resized.jpg,Colt's Foot,
image_04131_resized.jpg,Artichoke,
image_00263_resized.jpg,Water Lily,
image_01922_resized.jpg,Lotus,
image_02797_resized.jpg,Bishop of Llandaff,
image_05830_resized.jpg,Great Masterwort,
image_04157_resized.jpg,Artichoke,
image_00624_resized.jpg,Watercress,
image_01059_resized.jpg,Wallflower,
image_02691_resized.jpg,Geranium,
image_06981_resized.jpg,Alpine Sea Holly,
image_06405_resized.jpg,Monkshood,
image_06639_resized.jpg,Canterbury Bells,
image_05422_resized.jpg,Sunflower,
image_02590_resized.jpg,Columbine,
image_05500_resized.jpg,Magnolia,
image_03053_resized.jpg,Bee Balm,
image_03080_resized.jpg,Bee Balm,
image_06238_resized.jpg,Oxeye Daisy,
image_00324_resized.jpg,Water Lily,
image_07116_resized.jpg,Globe Thistle,
image_08049_resized.jpg,Red Ginger,
image_01953_resized.jpg,Lotus,
image_03930_resized.jpg,Petunia,
image_03990_resized.jpg,Petunia,
image_07265_resized.jpg,Gaura,
image_00684_resized.jpg,Watercress,
image_00466_resized.jpg,Cyclamen,
image_05089_resized.jpg,Hard-Leaved Pocket Orchid,
image_01380_resized.jpg,Petunia,
image_01513_resized.jpg,Poinsettia,
image_03579_resized.jpg,Azalea,
image_06362_resized.jpg,Yellow Iris,
image_00206_resized.jpg,Passion Flower,
image_01452_resized.jpg,Petunia,
image_05414_resized.jpg,Sunflower,
image_01305_resized.jpg,Rose,
image_00979_resized.jpg,Wallflower,
image_02978_resized.jpg,Pink-Yellow Dahlia,
image_00631_resized.jpg,Watercress,
image_02200_resized.jpg,Barbeton Daisy,
image_01273_resized.jpg,Rose,
image_04471_resized.jpg,Canna Lily,
image_03506_resized.jpg,Sweet William,
image_04419_resized.jpg,Canna Lily,
image_08001_resized.jpg,Blackberry Lily,
image_03192_resized.jpg,Californian Poppy,
image_02266_resized.jpg,Barbeton Daisy,
image_02652_resized.jpg,Geranium,
image_04170_resized.jpg,Wild Pansy,
image_03647_resized.jpg,Primula,
image_01629_resized.jpg,Clematis ,
image_00650_resized.jpg,Watercress,
image_07187_resized.jpg,Tiger Lily,
image_03592_resized.jpg,Azalea,
image_07989_resized.jpg,Trumpet Creeper,
image_05172_resized.jpg,English Marigold,
image_06646_resized.jpg,Canterbury Bells,
image_01390_resized.jpg,Petunia,
image_07576_resized.jpg,Bougainvillea,
image_03396_resized.jpg,Fritillary,
image_00319_resized.jpg,Water Lily,
image_07178_resized.jpg,Tiger Lily,
image_07376_resized.jpg,Foxglove,
image_05243_resized.jpg,Stemless Gentian,
image_03906_resized.jpg,Purple Coneflower,
image_02650_resized.jpg,Geranium,
image_02058_resized.jpg,Anthurium,
image_07573_resized.jpg,Bougainvillea,
image_07745_resized.jpg,Mallow,
image_01240_resized.jpg,Rose,
image_01698_resized.jpg,Hibiscus,
image_02783_resized.jpg,Bishop of Llandaff,
image_07702_resized.jpg,Mallow,
image_05963_resized.jpg,Windflower,
image_05182_resized.jpg,English Marigold,
image_05160_resized.jpg,English Marigold,
image_05856_resized.jpg,Black-Eeyed Susan,
image_00713_resized.jpg,Watercress,
image_02187_resized.jpg,Thorn Apple,
image_02438_resized.jpg,Sword Lily,
image_01857_resized.jpg,Lotus,
image_00915_resized.jpg,Frangipani,
image_01878_resized.jpg,Lotus,
image_03001_resized.jpg,Pink-Yellow Dahlia,
image_07672_resized.jpg,Camellia,
image_00902_resized.jpg,Frangipani,
image_00233_resized.jpg,Passion Flower,
image_02213_resized.jpg,Barbeton Daisy,
image_03384_resized.jpg,Fritillary,
image_00936_resized.jpg,Frangipani,
image_00262_resized.jpg,Water Lily,
image_03958_resized.jpg,Petunia,
image_06680_resized.jpg,Globe-Flower,
image_03407_resized.jpg,Fritillary,
image_06189_resized.jpg,Balloon Flower,
image_02932_resized.jpg,Pink-Yellow Dahlia,
image_06486_resized.jpg,Love in the Mist,
image_01568_resized.jpg,Poinsettia,
image_02775_resized.jpg,Bishop of Llandaff,
image_01827_resized.jpg,Lotus,
image_03190_resized.jpg,Californian Poppy,
image_03746_resized.jpg,Cape Flower,
image_06294_resized.jpg,Cautleya Spicata,
image_01966_resized.jpg,Anthurium,
image_02072_resized.jpg,Thorn Apple,
image_04004_resized.jpg,Colt's Foot,
image_07549_resized.jpg,Bougainvillea,
image_05517_resized.jpg,Magnolia,
image_01108_resized.jpg,Wallflower,
image_04564_resized.jpg,Lenten Rose,
image_04939_resized.jpg,Giant White Arum Lily,
image_00083_resized.jpg,Passion Flower,
image_00882_resized.jpg,Frangipani,
image_06601_resized.jpg,Grape Hyacinth,
image_01495_resized.jpg,Poinsettia,
image_05251_resized.jpg,Stemless Gentian,
image_03687_resized.jpg,Primula,
image_06813_resized.jpg,Fire Lily,
image_05170_resized.jpg,English Marigold,
image_05315_resized.jpg,Tree Poppy,
image_03627_resized.jpg,Azalea,
image_07435_resized.jpg,Foxglove,
image_02148_resized.jpg,Thorn Apple,
image_07189_resized.jpg,Tiger Lily,
image_07474_resized.jpg,Bougainvillea,
image_01954_resized.jpg,Lotus,
image_05124_resized.jpg,Hard-Leaved Pocket Orchid,
image_01003_resized.jpg,Wallflower,
image_07132_resized.jpg,Bolero Deep Blue,
image_06407_resized.jpg,Monkshood,
image_01792_resized.jpg,Hibiscus,
image_07978_resized.jpg,Trumpet Creeper,
image_01461_resized.jpg,Petunia,
image_01107_resized.jpg,Wallflower,
image_04518_resized.jpg,Gazania,
image_07091_resized.jpg,Globe Thistle,
image_05850_resized.jpg,Black-Eeyed Susan,
image_04365_resized.jpg,Ruby-Lipped Cattleya,
image_05858_resized.jpg,Black-Eeyed Susan,
image_01019_resized.jpg,Wallflower,
image_04820_resized.jpg,Desert-Rose,
image_03942_resized.jpg,Petunia,
image_08122_resized.jpg,Gaura,
image_04700_resized.jpg,Pelargonium,
image_07047_resized.jpg,Spring Crocus,
image_06231_resized.jpg,Oxeye Daisy,
image_05268_resized.jpg,Stemless Gentian,
image_07804_resized.jpg,Mexican Petunia,
image_03525_resized.jpg,Sweet William,
image_06924_resized.jpg,Carnation,
image_05084_resized.jpg,Orange Dahlia,
image_04213_resized.jpg,Wild Pansy,
image_07865_resized.jpg,Bromelia,
image_00538_resized.jpg,Cyclamen,
image_08073_resized.jpg,Carnation,
image_03793_resized.jpg,Cape Flower,
image_02422_resized.jpg,Sword Lily,
image_07699_resized.jpg,Mallow,
image_06781_resized.jpg,Fire Lily,
image_05269_resized.jpg,Stemless Gentian,
image_03306_resized.jpg,Bird of Paradise,
image_07018_resized.jpg,Siam Tulip,
image_00174_resized.jpg,Passion Flower,
image_06727_resized.jpg,Toad Lily,
image_02698_resized.jpg,Geranium,
image_01570_resized.jpg,Poinsettia,
image_02279_resized.jpg,Barbeton Daisy,
image_05805_resized.jpg,Great Masterwort,
image_01675_resized.jpg,Clematis ,
image_05807_resized.jpg,Great Masterwort,
image_03601_resized.jpg,Azalea,
image_01806_resized.jpg,Hibiscus,
image_06140_resized.jpg,Silverbush,
image_00177_resized.jpg,Passion Flower,
image_02720_resized.jpg,Geranium,
image_04586_resized.jpg,Lenten Rose,
image_04883_resized.jpg,Hippeastrum,
image_05941_resized.jpg,Bearded Iris,
image_05930_resized.jpg,Bearded Iris,
image_05804_resized.jpg,Great Masterwort,
image_04162_resized.jpg,Wild Pansy,
image_04005_resized.jpg,Colt's Foot,
image_02071_resized.jpg,Thorn Apple,
image_07334_resized.jpg,Foxglove,
image_00101_resized.jpg,Passion Flower,
image_06743_resized.jpg,Pink Primrose,
image_03318_resized.jpg,Bird of Paradise,
image_03663_resized.jpg,Primula,
image_07313_resized.jpg,Foxglove,
image_07181_resized.jpg,Tiger Lily,
image_04150_resized.jpg,Artichoke,
image_04439_resized.jpg,Canna Lily,
image_06923_resized.jpg,Carnation,
image_03840_resized.jpg,Purple Coneflower,
image_04735_resized.jpg,Pelargonium,
image_06107_resized.jpg,Silverbush,
image_07724_resized.jpg,Mallow,
image_05744_resized.jpg,King Protea,
image_07739_resized.jpg,Mallow,
image_08005_resized.jpg,Blackberry Lily,
image_08162_resized.jpg,Japanese Anemone,
image_02335_resized.jpg,Sword Lily,
image_07516_resized.jpg,Bougainvillea,
image_02354_resized.jpg,Sword Lily,
image_07681_resized.jpg,Camellia,
image_03999_resized.jpg,Colt's Foot,
image_03519_resized.jpg,Sweet William,
image_01640_resized.jpg,Clematis ,
image_02261_resized.jpg,Barbeton Daisy,
image_02299_resized.jpg,Barbeton Daisy,
image_05450_resized.jpg,Sunflower,
image_06164_resized.jpg,Balloon Flower,
image_03800_resized.jpg,Cape Flower,
image_00945_resized.jpg,Frangipani,
image_05118_resized.jpg,Hard-Leaved Pocket Orchid,
image_08103_resized.jpg,Moon Orchid,
image_08174_resized.jpg,Japanese Anemone,
